;sequential;parallel;
10;742.000000;697.000000;18446744073709551616.000000
20;742.000000;600.000000;18446744073709551616.000000
30;4254.000000;5846.000000;18446744073709551616.000000
