;sequential;parallel;
10000;4772.000000;17415.000000;18446744073709551616.000000
20000;16332.000000;87168.000000;18446744073709551616.000000
30000;148667.000000;417827.000000;18446744073709551616.000000
40000;1901652.000000;1894588.000000;18446744073709551616.000000
50000;14409029.000000;19734622.000000;18446744073709551616.000000
