;sequential;parallel
10000;1.000000;6.000000
20000;2.000000;9.000000
40000;3.000000;18.000000
80000;11.000000;35.000000
160000;20.000000;71.000000
