;sequential;parallel;
10;1.000000;4.000000;18446744073709551616.000000
20;0.000000;4.000000;18446744073709551616.000000
30;1.000000;57.000000;18446744073709551616.000000
