;sequential;parallel;
10000;68.000000;958.000000;18446744073709551616.000000
20000;133.000000;1249.000000;18446744073709551616.000000
30000;1352.000000;5825.000000;18446744073709551616.000000
40000;13631.000000;32843.000000;18446744073709551616.000000
50000;137216.000000;335074.000000;18446744073709551616.000000
