;sequential;parallel
10000;37.000000;17.000000
20000;26.000000;2.000000
40000;52.000000;4.000000
80000;109.000000;8.000000
160000;210.000000;14.000000
