;sequential;parallel;
10;338.000000;1994.000000;18446744073709551616.000000
20;339.000000;1048.000000;18446744073709551616.000000
30;1663.000000;3794.000000;18446744073709551616.000000
