;sequential;parallel;
10000;8769.000000;17004.000000;18446744073709551616.000000
20000;35924.000000;32895.000000;18446744073709551616.000000
30000;138824.000000;158313.000000;18446744073709551616.000000
40000;1380215.000000;1756606.000000;18446744073709551616.000000
50000;13804869.000000;14212622.000000;18446744073709551616.000000
