;sequential;parallel;
10;1.000000;29.000000;18446744073709551616.000000
20;1.000000;84.000000;18446744073709551616.000000
30;0.000000;51.000000;18446744073709551616.000000
