;sequential;parallel
1000000;5.000000;1709.000000
2000000;11.000000;3149.000000
4000000;21.000000;6470.000000
8000000;44.000000;13243.000000
16000000;89.000000;26081.000000
