;sequential;parallel;
10000;502.000000;24427.000000;18446744073709551616.000000
20000;57.000000;254430.000000;18446744073709551616.000000
30000;557.000000;3310440.000000;18446744073709551616.000000
40000;5817.000000;24367809.000000;18446744073709551616.000000
50000;56600.000000;248243218.000000;18446744073709551616.000000
