;sequential;parallel
10000;0.000000;15.000000
20000;0.000000;40.000000
40000;1.000000;84.000000
80000;1.000000;177.000000
160000;1.000000;419.000000
