;sequential;parallel;PipelineFarm
10000;11930.000000;250170.000000;187496.000000
20000;42228.000000;1856236.000000;1479441.000000
30000;490206.000000;17835082.000000;13543428.000000
40000;4156538.000000;179244351.000000;126709427.000000
50000;41576050.000000;1648643402.000000;1168440665.000000
