;sequential;parallel;PipelineFarm
10000;4044.000000;3272.000000;1840.000000
20000;7844.000000;5922.000000;6039.000000
40000;15375.000000;10533.000000;11370.000000
80000;31053.000000;23423.000000;26522.000000
160000;61478.000000;41196.000000;35211.000000
