;sequential;parallel;PipelineFarm
10;1388.000000;2718.000000;2454.000000
20;1107.000000;2141.000000;2131.000000
30;2089.000000;7247.000000;6142.000000
