;sequential;parallel;PipelineFarm
10000;39.000000;115.000000;89.000000
20000;79.000000;206.000000;197.000000
40000;159.000000;432.000000;382.000000
80000;315.000000;853.000000;629.000000
160000;630.000000;1637.000000;1308.000000
