;sequential;parallel;TiledReduce
10000;51.000000;9.000000;7.000000
20000;55.000000;8.000000;5.000000
40000;110.000000;8.000000;20.000000
80000;221.000000;32.000000;36.000000
160000;444.000000;60.000000;90.000000
