;sequential;parallel;tiled_reduce
10000;11212.000000;11864.000000;75843.000000
20000;27562.000000;87981.000000;45993.000000
30000;276565.000000;709611.000000;815703.000000
40000;2763656.000000;4031444.000000;4358609.000000
50000;27607799.000000;29046536.000000;29611296.000000
