;sequential;parallel;tiled_reduce
10;617.000000;1204.000000;1127.000000
20;816.000000;1027.000000;973.000000
30;1854.000000;3899.000000;4621.000000
