;sequential;parallel;
10000;23764.000000;343915.000000;18446744073709551616.000000
20000;27591.000000;2514897.000000;18446744073709551616.000000
30000;278767.000000;23794985.000000;18446744073709551616.000000
40000;2819917.000000;234336314.000000;18446744073709551616.000000
50000;27819079.000000;2009192785.000000;18446744073709551616.000000
