;sequential;parallel;
10;771.000000;5799.000000;18446744073709551616.000000
20;697.000000;5344.000000;18446744073709551616.000000
30;1796.000000;25274.000000;18446744073709551616.000000
