;sequential;parallel
1000;13679.000000;41316.000000
2000;27540.000000;82621.000000
4000;54736.000000;165357.000000
8000;110173.000000;330142.000000
16000;219773.000000;660914.000000
