;sequential;parallel
10000;28.000000;263.000000
20000;56.000000;360.000000
40000;111.000000;671.000000
80000;222.000000;1234.000000
160000;445.000000;2788.000000
