;sequential;parallel
100000;2.000000;4.000000
200000;3.000000;11.000000
400000;5.000000;18.000000
800000;10.000000;34.000000
1600000;19.000000;71.000000
