;sequential;parallel
10000;0.000000;0.000000
20000;0.000000;0.000000
40000;1.000000;1.000000
80000;1.000000;2.000000
160000;2.000000;3.000000
