;sequential;parallel;
10000;138.000000;1064.000000;18446744073709551616.000000
20000;112.000000;3535.000000;18446744073709551616.000000
30000;1163.000000;50214.000000;18446744073709551616.000000
40000;14062.000000;326026.000000;18446744073709551616.000000
50000;120340.000000;3125966.000000;18446744073709551616.000000
