;sequential;parallel;
10;1.000000;7.000000;18446744073709551616.000000
20;1.000000;4.000000;18446744073709551616.000000
30;3.000000;5.000000;18446744073709551616.000000
