;sequential;parallel
10000;29.000000;24.000000
20000;66.000000;36.000000
40000;116.000000;92.000000
80000;226.000000;159.000000
160000;510.000000;265.000000
