;sequential;parallel;
10;15.000000;14.000000;18446744073709551616.000000
20;16.000000;16.000000;18446744073709551616.000000
30;27.000000;12.000000;18446744073709551616.000000
