;sequential;parallel;
10000;66829.000000;32022.000000;18446744073709551616.000000
20000;511501.000000;276171.000000;18446744073709551616.000000
30000;4631065.000000;2471091.000000;18446744073709551616.000000
40000;46616986.000000;24213643.000000;18446744073709551616.000000
50000;511164709.000000;249075010.000000;18446744073709551616.000000
